"File","SHA256","Bytes"
"sources\assets\high4tech-favicon-original.png","E8E79BF5B957097C9757FF053292046F6375DD06684F05AD7F236E3B035F8C92","15097"
"sources\assets\high4tech-mascots-original.svg","6C0F4E28F8A65BEC29EB80A01ADA2640FEBC01F82D09D8614A69254424D840A8","389211"
"sources\assets\high4tech-wordmark-original.png","F9D139037B034CAEEDC80D4A0CDA26D7926647678982469D12CF5BF0F630BA8E","37589"
"sources\references\attached-orange-3d-agency.png","03D4252DFEA773AD5E819C169547E7D66B4D88A5576954C4788C8F0DF3BA7D2F","3404794"
"sources\references\attached-tkxel.png","551F2D635DB1C391C7953E56AEFFD74A6E945E0242816B3A69FBBCFF18578D19","2602307"
"sources\references\copula-viewport.png","9E812ACD727F1B62F21B503D9F5431256EE9D103444AA8D95A586DE66C2DB334","75501"
"sources\references\direct-viewport.png","89654EB348AFF02756172CEA6373526EECDD9903E1AAD127FCAC7E7BF4C6D9AC","8853"
"sources\references\displace-viewport.png","428697AFE2FB7B8FC11010BAE232B2A420F220AFD927F424D3A5598A332E36FA","101733"
"sources\references\fahrenheit-viewport.png","B4FD4DBBE66C1BCB1506B75B072CAB9BD539C217F7AC5BA6E6A5DBA27F76FBFE","78554"
"sources\references\high4tech-current-viewport.png","338F4BFC2E06F030DF9C537EA84468AF251CA4D436B2586B68C3DB1EBB627A0A","27571"
"sources\references\madamepolare-viewport.png","B068C83F4E8B434B40901373E2B9B50E5915C600B648CA9927890F99848B8CF1","79791"
"sources\references\marino-viewport.png","6C828B77F140176B42BA550B7B2FDEA668C776AC1AF6853D1D06326723657572","25009"
"sources\references\stokt-heron-hero-viewport.png","D541B8BB90EDEC8DDB799A11EC0C49CA7F9CDB397A5238289E0FF06F4CB3F33D","153057"
"sources\references\stokt-heron-story-viewport.png","30C94F3797AB11825F5094DF56469C079B0B46426D90EF20C1A6090BA1AC9A7B","181239"
"sources\references\tkxel-viewport.png","F977BCE0A786DAA67F7AAB5D76180CB8C6B9475AE69273D321804B7937F6A34B","69568"
